"","X","V1","V2","V3","uphamName"
"1",1,"HLaciJub2","GCF_003709585.1","Acinonyx jubatus","Acinonyx_jubatus"
"2",2,"HLacoCah1","GCA_004027535.1","Acomys cahirinus","Acomys_cahirinus"
"3",3,"HLacoRus1","GCA_903995435.1","Acomys russatus","Acomys_russatus"
"4",4,"HLaeoCin1","GCA_011751065.1","Aeorestes cinereus","Aeorestes_cinereus"
"5",5,"HLaepMel1","GCA_006408695.1","Aepyceros melampus","Aepyceros_melampus"
"6",6,"HLailMel2","GCF_002007445.1","Ailuropoda melanoleuca","Ailuropoda_melanoleuca"
"7",7,"HLailFul2","DNA Zoo Consortium","Ailurus fulgens","Ailurus_fulgens"
"8",8,"HLalcAlc1","GCA_007570765.1","Alces alces","Alces_alces"
"9",9,"HLallBul1","GCA_004027895.1","Allactaga bullata","Allactaga_bullata"
"10",10,"HLallNig1","DNA Zoo Consortium","Allenopithecus nigroviridis","Allenopithecus_nigroviridis"
"11",11,"HLaloPal1","GCA_004027835.1","Alouatta palliata","Alouatta_palliata"
"12",12,"HLammLer1","GCA_002201775.1","Ammotragus lervia","Ammotragus_lervia"
"13",13,"HLanoCau1","GCA_004027475.1","Anoura caudifer","Anoura_caudifer"
"14",14,"HLantFla1","GCA_016432865.1","Antechinus flavipes","Antechinus_flavipes"
"15",15,"HLantMar1","GCA_006408585.1","Antidorcas marsupialis","Antidorcas_marsupialis"
"16",16,"HLantAme1","GCA_007570785.1","Antilocapra americana","Antilocapra_americana"
"17",17,"HLantPal1","GCA_007922775.1","Antrozous pallidus","Antrozous_pallidus"
"18",18,"aotNan1","GCF_000952055.2","Aotus nancymaae","Aotus_nancymaae"
"19",19,"HLaplRuf1","GCA_004027875.1","Aplodontia rufa","Aplodontia_rufa"
"20",20,"HLapoSyl1","GCA_001305905.1","Apodemus sylvaticus","Apodemus_sylvaticus"
"21",21,"HLarcGaz2","GCA_900642305.1","Arctocephalus gazella","Arctocephalus_gazella"
"22",22,"HLartJam1","GCA_004027435.1","Artibeus jamaicensis","Artibeus_jamaicensis"
"23",23,"HLartJam2","GCA_014825515.1","Artibeus jamaicensis","Artibeus_jamaicensis"
"24",24,"HLarvNil1","GCA_011762505.1","Arvicanthis niloticus","Arvicanthis_niloticus"
"25",25,"HLarvAmp1","GCA_903992535.1","Arvicola amphibius","Arvicola_amphibius"
"26",26,"HLateGeo1","GCA_004024785.1","Ateles geoffroyi","Ateles_geoffroyi"
"27",27,"HLaxiPor1","GCA_003798545.1","Axis porcinus","Axis_porcinus"
"28",28,"HLbalMys1","http://alfred.liv.ac.uk/downloads/bowhead_whale/bowhead_whale_scaffolds.zip","Balaena mysticetus","Balaena_mysticetus"
"29",29,"balAcu1","GCF_000493695.1","Balaenoptera acutorostrata scammoni","Balaenoptera_acutorostrata_scammoni"
"30",30,"HLbalBon1","GCA_000978805.1","Balaenoptera bonaerensis","Balaenoptera_bonaerensis"
"31",31,"HLbalEde1","DNA Zoo Consortium","Balaenoptera edeni","Balaenoptera_edeni"
"32",32,"HLbalMus1","GCA_009873245.1","Balaenoptera musculus","Balaenoptera_musculus"
"33",33,"HLbalPhy1","GCA_008795845.1","Balaenoptera physalus","Balaenoptera_physalus"
"34",34,"HLbasSum1","DNA Zoo Consortium","Bassariscus sumichrasti","Bassariscus_sumichrasti"
"35",35,"HLbeaHun1","GCA_004027495.1","Beatragus hunteri","Beatragus_hunteri"
"36",36,"bisBis1","GCF_000754665.1","Bison bison bison","Bison_bison_bison"
"37",37,"HLbosFro1","GCA_007844835.1","Bos frontalis","Bos_frontalis"
"38",38,"HLbosGau1","GCA_014182915.1","Bos gaurus","Bos_gaurus"
"39",39,"HLbosGru1","GCA_005887515.2","Bos grunniens","Bos_grunniens"
"40",40,"HLbosInd2","GCA_002933975.1","Bos indicus","Bos_indicus"
"41",41,"HLbosMut2","GCA_007646595.3","Bos mutus","Bos_mutus"
"42",42,"bosTau9","GCF_002263795.1","Bos taurus","Bos_taurus"
"43",43,"HLbubBub2","GCF_003121395.1","Bubalus bubalis","Bubalus_bubalis"
"44",44,"HLcalJac4","GCA_011100555.1","Callithrix jacchus","Callithrix_jacchus"
"45",45,"HLcalPym1","DNA Zoo Consortium","Callithrix pygmaea","Callithrix_pygmaea"
"46",46,"HLcalUrs1","GCF_003265705.1","Callorhinus ursinus","Callorhinus_ursinus"
"47",47,"HLcamBac1","GCF_000767855.1","Camelus bactrianus","Camelus_bactrianus"
"48",48,"HLcamDro2","GCF_000803125.2","Camelus dromedarius","Camelus_dromedarius"
"49",49,"HLcamFer3","GCF_009834535.1","Camelus ferus","Camelus_ferus"
"50",50,"HLcanLupDin1","GCF_003254725.1","Canis lupus dingo","Canis_lupus_dingo"
"51",51,"canFam4","GCA_011100685.1","Canis lupus familiaris","Canis_lupus_familiaris"
"52",52,"canFam5","GCA_005444595.1","Canis lupus familiaris","Canis_lupus_familiaris"
"53",53,"HLcapAeg1","GCA_000765075.1","Capra aegagrus","Capra_aegagrus"
"54",54,"HLcapHir2","GCF_001704415.1","Capra hircus","Capra_hircus"
"55",55,"HLcapIbe1","GCA_006410555.1","Capra ibex","Capra_ibex"
"56",56,"HLcapSib1","GCA_003182615.2","Capra sibirica","Capra_sibirica"
"57",57,"HLcapPyg1","GCA_012922965.1","Capreolus pygargus","Capreolus_pygargus"
"58",58,"tarSyr2","GCF_000164805.1","Carlito syrichta","Carlito_syrichta"
"59",59,"HLcarPer3","GCA_004027735.1","Carollia perspicillata","Carollia_perspicillata"
"60",60,"HLcasCan3","DNA Zoo Consortium","Castor canadensis","Castor_canadensis"
"61",61,"HLcatWag1","GCA_004024745.2","Catagonus wagneri","Catagonus_wagneri"
"62",62,"cavApe1","GCA_000688575.1","Cavia aperea","Cavia_aperea"
"63",63,"cavPor3","GCF_000151735.1","Cavia porcellus","Cavia_porcellus"
"64",64,"HLcavTsc1","GCA_004027695.1","Cavia tschudii","Cavia_tschudii"
"65",65,"HLcebAlb1","GCA_004027755.1","Cebus albifrons","Cebus_albifrons"
"66",66,"cebCap1","GCF_001604975.1","Cebus capucinus imitator","Cebus_capucinus_imitator"
"67",67,"HLcepHar1","GCA_006410635.1","Cephalophus harveyi","Cephalophus_harveyi"
"68",68,"HLcerSimCot1","GCA_004027795.1","Ceratotherium simum cottoni","Ceratotherium_simum_cottoni"
"69",69,"cerSim1","GCF_000283155.1","Ceratotherium simum simum","Ceratotherium_simum_simum"
"70",70,"cerAty1","GCF_000955945.1","Cercocebus atys","Cercocebus_atys"
"71",71,"HLcerMon1","GCA_014849445.1","Cercopithecus mona","Cercopithecus_mona"
"72",72,"HLcerNeg1","GCA_004027615.1","Cercopithecus neglectus","Cercopithecus_neglectus"
"73",73,"HLcerEla1","GCA_002197005.1","Cervus elaphus hippelaphus","Cervus_elaphus_hippelaphus"
"74",74,"HLcerHanYar1","GCA_010411085.1","Cervus hanglu yarkandensis","Cervus_hanglu_yarkandensis"
"75",75,"HLcheMed1","GCA_008086735.1","Cheirogaleus medius","Cheirogaleus_medius"
"76",76,"chiLan1","GCF_000276665.1","Chinchilla lanigera","Chinchilla_lanigera"
"77",77,"chlSab2","GCF_000409795.2","Chlorocebus sabaeus","Chlorocebus_sabaeus"
"78",78,"HLchoDid1","GCA_004027855.1","Choloepus didactylus","Choloepus_didactylus"
"79",79,"HLchoDid2","GCF_015220235.1","Choloepus didactylus","Choloepus_didactylus"
"80",80,"HLchoHof3","DNA Zoo Consortium","Choloepus hoffmanni","Choloepus_hoffmanni"
"81",81,"chrAsi1","GCF_000296735.1","Chrysochloris asiatica","Chrysochloris_asiatica"
"82",82,"HLcoePre1","DNA Zoo Consortium","Coendou prehensilis","Coendou_prehensilis"
"83",83,"colAng1","GCF_000951035.1","Colobus angolensis palliatus","Colobus_angolensis_palliatus"
"84",84,"conCri1","GCF_000260355.1","Condylura cristata","Condylura_cristata"
"85",85,"HLconTau2","DNA Zoo Consortium","Connochaetes taurinus","Connochaetes_taurinus"
"86",86,"HLeidHel2","DNA Zoo Consortium","Eidolon helvum","Eidolon_helvum"
"87",87,"HLcraTho1","GCA_004027555.1","Craseonycteris thonglongyai","Craseonycteris_thonglongyai"
"88",88,"HLcriGam1","GCA_004027575.1","Cricetomys gambianus","Cricetomys_gambianus"
"89",89,"HLcriGri3","GCF_003668045.1","Cricetulus griseus","Cricetulus_griseus"
"90",90,"HLcroCro1","GCA_008692635.1","Crocuta crocuta","Crocuta_crocuta"
"91",91,"HLcryFer2","DNA Zoo Consortium","Cryptoprocta ferox","Cryptoprocta_ferox"
"92",92,"HLcteGun1","GCA_004027205.1","Ctenodactylus gundi","Ctenodactylus_gundi"
"93",93,"HLcteSoc1","GCA_004027165.1","Ctenomys sociabilis","Ctenomys_sociabilis"
"94",94,"HLcynGun1","GCA_011316645.1","Cynomys gunnisoni","Cynomys_gunnisoni"
"95",95,"HLcynBra1","GCA_009793145.1","Cynopterus brachyotis","Cynopterus_brachyotis"
"96",96,"HLdamLun1","GCA_006408505.1","Damaliscus lunatus","Damaliscus_lunatus"
"97",97,"HLdasPun1","GCA_004363535.1","Dasyprocta punctata","Dasyprocta_punctata"
"98",98,"dasNov3","GCF_000208655.1","Dasypus novemcinctus","Dasypus_novemcinctus"
"99",99,"HLdauMad1","GCA_004027145.1","Daubentonia madagascariensis","Daubentonia_madagascariensis"
"100",100,"HLdelLeu2","GCF_002288925.2","Delphinapterus leucas","Delphinapterus_leucas"
"101",101,"HLdesRot2","https://sid.erda.dk/share_redirect/gBu4tuc7qz/Dovetail_v2/vampire_bat_10Aug2015_WXtkA.fasta","Desmodus rotundus","Desmodus_rotundus"
"102",102,"HLdicSum1","GCA_002844835.1","Dicerorhinus sumatrensis sumatrensis","Dicerorhinus_sumatrensis_sumatrensis"
"103",103,"HLdicBic1","GCA_004027315.2","Diceros bicornis","Diceros_bicornis"
"104",104,"HLdidVir1","DNA Zoo Consortium","Didelphis virginiana","Didelphis_virginiana"
"105",105,"HLdinBra1","GCA_004027595.1","Dinomys branickii","Dinomys_branickii"
"106",106,"dipOrd2","GCF_000151885.1","Dipodomys ordii","Dipodomys_ordii"
"107",107,"HLdipSte1","GCA_004024685.1","Dipodomys stephensi","Dipodomys_stephensi"
"108",108,"HLdolPat1","GCA_004027295.1","Dolichotis patagonum","Dolichotis_patagonum"
"109",109,"HLdugDug1","GCA_015147995.1","Dugong dugon","Dugong_dugon"
"110",110,"echTel2","GCF_000313985.1","Echinops telfairi","Echinops_telfairi"
"111",111,"HLeidDup1","DNA Zoo Consortium","Eidolon dupreanum","Eidolon_dupreanum"
"112",112,"HLelaDav1","GCA_002443075.1","Elaphurus davidianus","Elaphurus_davidianus"
"113",113,"eleEdw1","GCF_000299155.1","Elephantulus edwardii","Elephantulus_edwardii"
"114",114,"HLeleMax1","DNA Zoo Consortium","Elephas maximus","Elephas_maximus"
"115",115,"HLellLut1","GCA_001685075.1","Ellobius lutescens","Ellobius_lutescens"
"116",116,"HLellTal1","GCA_001685095.1","Ellobius talpinus","Ellobius_talpinus"
"117",117,"enhLutKen1","GCF_002288905.1","Enhydra lutris kenyoni","Enhydra_lutris_kenyoni"
"118",118,"enhLutNer1","GCA_006410715.1","Enhydra lutris nereis","Enhydra_lutris_nereis"
"119",119,"HLeonSpe1","GCA_003508835.1","Eonycteris spelaea","Eonycteris_spelaea"
"120",120,"eptFus1","GCF_000308155.1","Eptesicus fuscus","Eptesicus_fuscus"
"121",121,"HLequAsi1","GCF_001305755.1","Equus asinus","Equus_asinus"
"122",122,"HLequAsiAsi2","GCA_003033725.1","Equus asinus asinus","Equus_asinus_asinus"
"123",123,"HLequQuaBoe1","DNA Zoo Consortium","Equus burchellii boehmi","Equus_burchellii_boehmi"
"124",124,"equCab3","GCF_002863925.1","Equus caballus","Equus_caballus"
"125",125,"equPrz1","GCF_000696695.1","Equus przewalskii","Equus_przewalskii"
"126",126,"HLereDor1","GCA_006547115.1","Erethizon dorsatum","Erethizon_dorsatum"
"127",127,"HLeriBar1","DNA Zoo Consortium","Erignathus barbatus","Erignathus_barbatus"
"128",128,"eriEur2","GCF_000296755.1","Erinaceus europaeus","Erinaceus_europaeus"
"129",129,"HLeryPat1","GCA_004027335.1","Erythrocebus patas","Erythrocebus_patas"
"130",130,"HLescRob1","GCA_004363415.1","Eschrichtius robustus","Eschrichtius_robustus"
"131",131,"HLeubGla1","DNA Zoo Consortium","Eubalaena glacialis","Eubalaena_glacialis"
"132",132,"HLeubJap1","GCA_004363455.1","Eubalaena japonica","Eubalaena_japonica"
"133",133,"HLeudTho1","GCA_006408755.1","Eudorcas thomsonii","Eudorcas_thomsonii"
"134",134,"HLeulFla1","DNA Zoo Consortium","Eulemur flavifrons","Eulemur_flavifrons"
"135",135,"eulFla1","GCA_001262665.1","Eulemur flavifrons","Eulemur_flavifrons"
"136",136,"HLeulFul1","GCA_004027275.1","Eulemur fulvus","Eulemur_fulvus"
"137",137,"eulMac1","GCA_001262655.1","Eulemur macaco","Eulemur_macaco"
"138",138,"HLeulMon1","DNA Zoo Consortium","Eulemur mongoz","Eulemur_mongoz"
"139",139,"HLeumJub1","GCF_004028035.1","Eumetopias jubatus","Eumetopias_jubatus"
"140",140,"felCat9","GCF_000181335.3","Felis catus","Felis_catus"
"141",141,"HLfelNig1","GCA_004023925.1","Felis nigripes","Felis_nigripes"
"142",142,"HLfukDam2","GCF_012274545.1","Fukomys damarensis","Fukomys_damarensis"
"143",143,"HLgalVar2","GCA_004027255.2","Galeopterus variegatus","Galeopterus_variegatus"
"144",144,"HLgirCam1","GCA_006408565.1","Giraffa camelopardalis","Giraffa_camelopardalis"
"145",145,"HLgirCam2","DNA Zoo Consortium","Giraffa camelopardalis","Giraffa_camelopardalis"
"146",146,"HLgirTip1","GCA_001651235.1","Giraffa tippelskirchi","Giraffa_tippelskirchi"
"147",147,"HLgliGli1","GCA_004027185.1","Glis glis","Glis_glis"
"148",148,"HLgloMel1","GCF_006547405.1","Globicephala melas","Globicephala_melas"
"149",149,"gorGor6","GCF_008122165.1","Gorilla gorilla gorilla","Gorilla_gorilla_gorilla"
"150",150,"HLgraAgi1","GCA_016433145.1","Gracilinanus agilis","Gracilinanus_agilis"
"151",151,"HLgraSur1","GCF_004785775.1","Grammomys surdaster","Grammomys_surdaster"
"152",152,"HLgraMur1","GCA_004027655.1","Graphiurus murinus","Graphiurus_murinus"
"153",153,"HLgulGul1","GCA_900006375.2","Gulo gulo","Gulo_gulo"
"154",154,"HLgymLea1","GCA_011680675.1","Gymnobelideus leadbeateri","Gymnobelideus_leadbeateri"
"155",155,"HLhalGry1","GCA_012393455.1","Halichoerus grypus","Halichoerus_grypus"
"156",156,"HLhelPar1","GCA_004023845.1","Helogale parvula","Helogale_parvula"
"157",157,"HLhemHyl1","GCA_004026825.1","Hemitragus hylocrius","Hemitragus_hylocrius"
"158",158,"hetGla2","GCF_000247695.1","Heterocephalus glaber","Heterocephalus_glaber"
"159",159,"HLhetBru1","GCA_004026845.1","Heterohyrax brucei","Heterohyrax_brucei"
"160",160,"HLhipAmp1","GCA_002995585.1","Hippopotamus amphibius","Hippopotamus_amphibius"
"161",161,"HLhipAmp3","GCA_004027065.2","Hippopotamus amphibius","Hippopotamus_amphibius"
"162",162,"HLhipArm1","GCF_001890085.1","Hipposideros armiger","Hipposideros_armiger"
"163",163,"HLhipGal1","GCA_004027415.1","Hipposideros galeritus","Hipposideros_galeritus"
"164",164,"HLhipEqu1","GCA_016433095.1","Hippotragus equinus","Hippotragus_equinus"
"165",165,"HLhipNig1","GCA_006942125.1","Hippotragus niger niger","Hippotragus_niger_niger"
"166",166,"hg38","GCF_000001405.38","Homo sapiens","Homo_sapiens"
"167",167,"HLhyaHya1","GCA_003009895.1","Hyaena hyaena","Hyaena_hyaena"
"168",168,"HLhydHyd1","GCA_004027455.1","Hydrochoerus hydrochaeris","Hydrochoerus_hydrochaeris"
"169",169,"HLhydGig1","GCA_013391785.1","Hydrodamalis gigas","Hydrodamalis_gigas"
"170",170,"HLhydIne1","GCA_006459105.1","Hydropotes inermis","Hydropotes_inermis"
"171",171,"HLhylMol2","GCF_009828535.2","Hylobates moloch","Hylobates_moloch"
"172",172,"HLhysCri1","GCA_004026905.1","Hystrix cristata","Hystrix_cristata"
"173",173,"speTri2","GCF_000236235.1","Ictidomys tridecemlineatus","Ictidomys_tridecemlineatus"
"174",174,"HLindInd1","GCA_004363605.1","Indri indri","Indri_indri"
"175",175,"HLlniGeo1","GCA_004363515.1","Inia geoffrensis","Inia_geoffrensis"
"176",176,"jacJac1","GCF_000280705.1","Jaculus jaculus","Jaculus_jaculus"
"177",177,"HLkobEll1","GCA_006410655.1","Kobus ellipsiprymnus","Kobus_ellipsiprymnus"
"178",178,"HLkobLecLec1","GCA_014926565.1","Kobus leche leche","Kobus_leche_leche"
"179",179,"HLkogBre1","GCA_004363705.1","Kogia breviceps","Kogia_breviceps"
"180",180,"HLlagObl1","GCF_003676395.1","Lagenorhynchus obliquidens","Lagenorhynchus_obliquidens"
"181",181,"HLlamGla1","DNA Zoo Consortium","Lama glama","Lama_glama"
"182",182,"HLlamGlaCha1","GCA_013239585.1","Lama glama chaku","Lama_glama_chaku"
"183",183,"HLlamGuaCac1","GCA_013239625.1","Lama guanicoe cacsilensis","Lama_guanicoe_cacsilensis"
"184",184,"HLlasBor1","GCA_004026805.1","Lasiurus borealis","Lasiurus_borealis"
"185",185,"HLlemCat1","GCA_004024665.1","Lemur catta","Lemur_catta"
"186",186,"lepWed1","GCF_000349705.1","Leptonychotes weddellii","Leptonychotes_weddellii"
"187",187,"HLlepYer1","GIGADB","Leptonycteris yerbabuenae","Leptonycteris_yerbabuenae"
"188",188,"HLlepAme1","GCA_004026855.1","Lepus americanus","Lepus_americanus"
"189",189,"HLlepTim1","GCA_009760805.1","Lepus timidus","Lepus_timidus"
"190",190,"lipVex1","GCF_000442215.1","Lipotes vexillifer","Lipotes_vexillifer"
"191",191,"HLlitWal1","GCA_006410535.1","Litocranius walleri","Litocranius_walleri"
"192",192,"HLlonCan1","GCF_010015895.1","Lontra canadensis","Lontra_canadensis"
"193",193,"HLloxAfr4","ftp://ftp.broadinstitute.org/pub/assemblies/mammals/elephant/loxAfr4/","Loxodonta africana","Loxodonta_africana"
"194",194,"HLlutLut1","GCA_902655055.1","Lutra lutra","Lutra_lutra"
"195",195,"HLlycPic2","GCA_004216515.1","Lycaon pictus","Lycaon_pictus"
"196",196,"HLlycPic3","DNA Zoo Consortium","Lycaon pictus","Lycaon_pictus"
"197",197,"HLlynCan1","GCF_007474595.1","Lynx canadensis","Lynx_canadensis"
"198",198,"HLlynPar1","GCA_900661375.1","Lynx pardinus","Lynx_pardinus"
"199",199,"HLmacFas6","GCA_012559485.1","Macaca fascicularis","Macaca_fascicularis"
"200",200,"HLmacFus1","DNA Zoo Consortium","Macaca fuscata","Macaca_fuscata"
"201",201,"rheMac10","GCF_003339765.1","Macaca mulatta","Macaca_mulatta"
"202",202,"macNem1","GCF_000956065.1","Macaca nemestrina","Macaca_nemestrina"
"203",203,"HLmacSob1","GCA_004027375.1","Macroglossus sobrinus","Macroglossus_sobrinus"
"204",204,"HLmacFul1","DNA Zoo Consortium","Macropus fuliginosus","Macropus_fuliginosus"
"205",205,"HLmacGig1","DNA Zoo Consortium","Macropus giganteus","Macropus_giganteus"
"206",206,"HLmacCal1","GCA_007922815.1","Macrotus californicus","Macrotus_californicus"
"207",207,"HLmadKir1","GCA_006408675.1","Madoqua kirkii","Madoqua_kirkii"
"208",208,"manLeu1","GCF_000951045.1","Mandrillus leucophaeus","Mandrillus_leucophaeus"
"209",209,"HLmanSph1","GCA_004802615.1","Mandrillus sphinx","Mandrillus_sphinx"
"210",210,"HLmanJav1","GCF_001685135.1","Manis javanica","Manis_javanica"
"211",211,"HLmanJav2","GCA_014570535.1","Manis javanica","Manis_javanica"
"212",212,"HLmanPen2","GCA_014570555.1","Manis pentadactyla","Manis_pentadactyla"
"213",213,"manPen1","GCA_000738955.1","Manis pentadactyla","Manis_pentadactyla"
"214",214,"HLmanTri1","GCA_004765945.1","Manis tricuspis","Manis_tricuspis"
"215",215,"HLmarFla1","GCA_003676075.2","Marmota flaviventris","Marmota_flaviventris"
"216",216,"HLmarHim1","GCA_005280165.1","Marmota himalayana","Marmota_himalayana"
"217",217,"HLmarMar1","GCF_001458135.1","Marmota marmota marmota","Marmota_marmota_marmota"
"218",218,"HLmarMon1","GCA_901343595.1","Marmota monax","Marmota_monax"
"219",219,"HLmarMon2","GCA_014533835.1","Marmota monax","Marmota_monax"
"220",220,"HLmarVan1","GCA_005458795.1","Marmota vancouverensis","Marmota_vancouverensis"
"221",221,"HLmarZib1","GCA_012583365.1","Martes zibellina","Martes_zibellina"
"222",222,"HLmasCou1","GCF_008632895.1","Mastomys coucha","Mastomys_coucha"
"223",223,"HLmegLyr2","GCA_004026885.1","Megaderma lyra","Megaderma_lyra"
"224",224,"HLmegNov1","GCA_004329385.1","Megaptera novaeangliae","Megaptera_novaeangliae"
"225",225,"HLmelCap1","GCA_004024625.1","Mellivora capensis","Mellivora_capensis"
"226",226,"HLmerUng1","GCF_002204375.1","Meriones unguiculatus","Meriones_unguiculatus"
"227",227,"mesAur1","GCF_000349665.1","Mesocricetus auratus","Mesocricetus_auratus"
"228",228,"HLmesBid1","GCA_004027085.1","Mesoplodon bidens","Mesoplodon_bidens"
"229",229,"micMur3","GCF_000165445.2","Microcebus murinus","Microcebus_murinus"
"230",230,"HLmicSpe31","GCA_008750915.1","Microcebus sp. 3 GT-2019","Microcebus_sp._3_GT-2019"
"231",231,"HLmicTav1","GCA_008750935.1","Microcebus tavaratra","Microcebus_tavaratra"
"232",232,"HLmicTal1","GCA_004026705.1","Microgale talazaci","Microgale_talazaci"
"233",233,"HLmicHir1","GCA_004026765.1","Micronycteris hirsuta","Micronycteris_hirsuta"
"234",234,"HLmicAgr2","GCA_902806775.1","Microtus agrestis","Microtus_agrestis"
"235",235,"HLmicArv1","GCA_007455615.1","Microtus arvalis","Microtus_arvalis"
"236",236,"HLmicFor1","GCA_014885135.1","Microtus fortis","Microtus_fortis"
"237",237,"micOch1","GCF_000317375.1","Microtus ochrogaster","Microtus_ochrogaster"
"238",238,"HLmicOec1","GCA_007455595.1","Microtus oeconomus","Microtus_oeconomus"
"239",239,"HLminNat1","GCF_001595765.1","Miniopterus natalensis","Miniopterus_natalensis"
"240",240,"HLminSch1","GCA_004026525.1","Miniopterus schreibersii","Miniopterus_schreibersii"
"241",241,"HLmirAng2","DNA Zoo Consortium","Mirounga angustirostris","Mirounga_angustirostris"
"242",242,"HLmirLeo1","GCF_011800145.1","Mirounga leonina","Mirounga_leonina"
"243",243,"HLmirCoq1","GCA_004024645.1","Mirza coquereli","Mirza_coquereli"
"244",244,"HLmirZaz1","GCA_008750895.1","Mirza zaza","Mirza_zaza"
"245",245,"HLmolMol2","Bat1K","Molossus molossus","Molossus_molossus"
"246",246,"monDom5","GCF_000002295.2","Monodelphis domestica","Monodelphis_domestica"
"247",247,"HLmonMon1","GCF_005190385.1","Monodon monoceros","Monodon_monoceros"
"248",248,"HLmonMon2","JoanaDamasHarrisLewin","Monodon monoceros","Monodon_monoceros"
"249",249,"HLmorBla1","GCA_004026545.1","Mormoops blainvillei","Mormoops_blainvillei"
"250",250,"HLmosBer1","GCA_006459085.1","Moschus berezovskii","Moschus_berezovskii"
"251",251,"HLmosChr1","GCA_006461725.1","Moschus chrysogaster","Moschus_chrysogaster"
"252",252,"HLmosMos1","GCA_004024705.2","Moschus moschiferus","Moschus_moschiferus"
"253",253,"HLmunMug1","GCA_004023785.1","Mungos mungo","Mungos_mungo"
"254",254,"HLmunCri1","GCA_006408485.1","Muntiacus crinifrons","Muntiacus_crinifrons"
"255",255,"HLmunMun1","GCA_008782695.1","Muntiacus muntjak","Muntiacus_muntjak"
"256",256,"HLmunRee1","GCA_008787405.1","Muntiacus reevesi","Muntiacus_reevesi"
"257",257,"HLmurAurFea1","GCA_004026665.1","Murina aurata feae","Murina_aurata_feae"
"258",258,"HLmusCar1","GCF_900094665.1","Mus caroli","Mus_caroli"
"259",259,"mm10","GCF_000001635.20","Mus musculus","Mus_musculus"
"260",260,"mm39","GCF_000001635.27","Mus musculus","Mus_musculus"
"261",261,"HLmusPah1","GCF_900095145.1","Mus pahari","Mus_pahari"
"262",262,"HLmusSpi1","GCA_003336285.1","Mus spicilegus","Mus_spicilegus"
"263",263,"HLmusSpr1","GCA_001624865.1","Mus spretus","Mus_spretus"
"264",264,"HLmusAve1","GCA_004027005.1","Muscardinus avellanarius","Muscardinus_avellanarius"
"265",265,"HLmusErm1","GCF_009829155.1","Mustela erminea","Mustela_erminea"
"266",266,"HLmusPut1","GCA_902460205.1","Mustela putorius","Mustela_putorius"
"267",267,"HLmusFur2","GCA_011764305.1","Mustela putorius furo","Mustela_putorius_furo"
"268",268,"HLmyoCoy1","GCA_004027025.1","Myocastor coypus","Myocastor_coypus"
"269",269,"HLmyoGla2","GCA_902806735.1","Myodes glareolus","Myodes_glareolus"
"270",270,"myoBra1","GCF_000412655.1","Myotis brandtii","Myotis_brandtii"
"271",271,"myoDav1","GCF_000327345.1","Myotis davidii","Myotis_davidii"
"272",272,"HLmyoLuc1","DNA Zoo Consortium","Myotis lucifugus","Myotis_lucifugus"
"273",273,"myoLuc2","GCF_000147115.1","Myotis lucifugus","Myotis_lucifugus"
"274",274,"HLmyoMyo6","Bat1K","Myotis myotis","Myotis_myotis"
"275",275,"HLmyoSep1","DNA Zoo Consortium","Myotis septentrionalis","Myotis_septentrionalis"
"276",276,"HLmyrTri1","GCA_004026745.1","Myrmecophaga tridactyla","Myrmecophaga_tridactyla"
"277",277,"HLnanGra1","GCA_006408635.1","Nanger granti","Nanger_granti"
"278",278,"nanGal1","GCF_000622305.1","Nannospalax galili","Nannospalax_galili"
"279",279,"nasLar1","GCA_000772465.1","Nasalis larvatus","Nasalis_larvatus"
"280",280,"HLnasNar1","DNA Zoo Consortium","Nasua narica","Nasua_narica"
"281",281,"HLneoNeb1","DNA Zoo Consortium","Neofelis nebulosa","Neofelis_nebulosa"
"282",282,"neoSch1","GCF_002201575.1","Neomonachus schauinslandi","Neomonachus_schauinslandi"
"283",283,"HLneoAsi1","GCF_003031525.1","Neophocaena asiaeorientalis asiaeorientalis","Neophocaena_asiaeorientalis_asiaeorientalis"
"284",284,"HLneoLep1","GCA_001675575.1","Neotoma lepida","Neotoma_lepida"
"285",285,"HLneoMos1","GCA_006410615.1","Neotragus moschatus","Neotragus_moschatus"
"286",286,"HLneoPyg1","GCA_006410875.1","Neotragus pygmaeus","Neotragus_pygmaeus"
"287",287,"HLneoVis1","GCA_900108605.1","Neovison vison","Neovison_vison"
"288",288,"HLnocLep1","GCA_004026585.1","Noctilio leporinus","Noctilio_leporinus"
"289",289,"HLnomLeu4","GCF_006542625.1","Nomascus leucogenys","Nomascus_leucogenys"
"290",290,"HLnotEug3","DNA Zoo Consortium","Notamacropus eugenii","Notamacropus_eugenii"
"291",291,"macEug2","GCA_000004035.1","Notamacropus eugenii","Notamacropus_eugenii"
"292",292,"HLnycCou1","GCA_004027815.1","Nycticebus coucang","Nycticebus_coucang"
"293",293,"HLnycHum2","GCA_007922795.1","Nycticeius humeralis","Nycticeius_humeralis"
"294",294,"ochPri3","GCF_000292845.1","Ochotona princeps","Ochotona_princeps"
"295",295,"octDeg1","GCF_000260255.1","Octodon degus","Octodon_degus"
"296",296,"HLodoRos1","DNA Zoo Consortium","Odobenus rosmarus","Odobenus_rosmarus"
"297",297,"odoRosDiv1","GCF_000321225.1","Odobenus rosmarus divergens","Odobenus_rosmarus_divergens"
"298",298,"HLodoHem1","GCA_004115125.1","Odocoileus hemionus hemionus","Odocoileus_hemionus_hemionus"
"299",299,"HLodoVir2","DNA Zoo Consortium","Odocoileus virginianus","Odocoileus_virginianus"
"300",300,"HLodoVir3","GCA_014726795.1","Odocoileus virginianus","Odocoileus_virginianus"
"301",301,"HLodoVir1","GCF_002102435.1","Odocoileus virginianus texanus","Odocoileus_virginianus_texanus"
"302",302,"HLokaJoh2","DNA Zoo Consortium","Okapia johnstoni","Okapia_johnstoni"
"303",303,"HLondZib1","GCA_004026605.1","Ondatra zibethicus","Ondatra_zibethicus"
"304",304,"HLonyTor1","GCA_903995425.1","Onychomys torridus","Onychomys_torridus"
"305",305,"orcOrc1","GCF_000331955.2","Orcinus orca","Orcinus_orca"
"306",306,"HLoreAme1","GCA_009758055.1","Oreamnos americanus","Oreamnos_americanus"
"307",307,"HLoreOre1","GCA_006410675.1","Oreotragus oreotragus","Oreotragus_oreotragus"
"308",308,"HLornAna3","GCA_004115215.1","Ornithorhynchus anatinus","Ornithorhynchus_anatinus"
"309",309,"oryAfe1","GCF_000298275.1","Orycteropus afer afer","Orycteropus_afer_afer"
"310",310,"HLoryCun3","GCA_009806435.1","Oryctolagus cuniculus","Oryctolagus_cuniculus"
"311",311,"oryCun2","GCF_000003625.2","Oryctolagus cuniculus","Oryctolagus_cuniculus"
"312",312,"HLoryCunCun4","GCA_013371645.1","Oryctolagus cuniculus cuniculus","Oryctolagus_cuniculus_cuniculus"
"313",313,"HLoryDam1","DNA Zoo Consortium","Oryx dammah","Oryx_dammah"
"314",314,"HLoryGaz1","GCA_003945745.1","Oryx gazella","Oryx_gazella"
"315",315,"HLospRuf1","DNA Zoo Consortium","Osphranter rufus","Osphranter_rufus"
"316",316,"otoGar3","GCF_000181295.1","Otolemur garnettii","Otolemur_garnettii"
"317",317,"HLoviAmm1","GCA_003121645.1","Ovis ammon","Ovis_ammon"
"318",318,"HLoviAri5","GCA_011170295.1","Ovis aries","Ovis_aries"
"319",319,"HLoviCan2","GCA_004026945.1","Ovis canadensis","Ovis_canadensis"
"320",320,"HLoviCan1","GCA_001039535.1","Ovis canadensis canadensis","Ovis_canadensis_canadensis"
"321",321,"HLoviNivLyd1","GCA_903231385.1","Ovis nivicola lydekkeri","Ovis_nivicola_lydekkeri"
"322",322,"HLoviOri1","GCA_014523465.1","Ovis orientalis","Ovis_orientalis"
"323",323,"panPan3","GCF_013052645.1","Pan paniscus","Pan_paniscus"
"324",324,"panTro6","GCF_002880755.1","Pan troglodytes","Pan_troglodytes"
"325",325,"HLpanLeo1","GCA_008795835.1","Panthera leo","Panthera_leo"
"326",326,"HLpanOnc1","GCA_004023805.1","Panthera onca","Panthera_onca"
"327",327,"HLpanOnc2","DNA Zoo Consortium","Panthera onca","Panthera_onca"
"328",328,"HLpanPar1","GCF_001857705.1","Panthera pardus","Panthera_pardus"
"329",329,"panTig1","GCF_000464555.1","Panthera tigris altaica","Panthera_tigris_altaica"
"330",330,"panHod1","GCF_000400835.1","Pantholops hodgsonii","Pantholops_hodgsonii"
"331",331,"HLpapAnu5","GCF_008728515.1","Papio anubis","Papio_anubis"
"332",332,"HLparHer1","GCA_004024585.1","Paradoxurus hermaphroditus","Paradoxurus_hermaphroditus"
"333",333,"HLpedCap1","GCA_007922755.1","Pedetes capensis","Pedetes_capensis"
"334",334,"HLpepEle1","DNA Zoo Consortium","Peponocephala electra","Peponocephala_electra"
"335",335,"HLperLonPac1","GCA_004363475.1","Perognathus longimembris pacificus","Perognathus_longimembris_pacificus"
"336",336,"HLperCal2","GCA_007827085.2","Peromyscus californicus insignis","Peromyscus_californicus_insignis"
"337",337,"HLperCri1","DNA Zoo Consortium","Peromyscus crinitus","Peromyscus_crinitus"
"338",338,"HLperEre1","GCA_902702925.1","Peromyscus eremicus","Peromyscus_eremicus"
"339",339,"HLperLeu1","GCF_004664715.1","Peromyscus leucopus","Peromyscus_leucopus"
"340",340,"HLperManBai2","GCA_003704035.1","Peromyscus maniculatus bairdii","Peromyscus_maniculatus_bairdii"
"341",341,"HLperNas1","DNA Zoo Consortium","Peromyscus nasutus","Peromyscus_nasutus"
"342",342,"HLperPol1","GCA_003704135.2","Peromyscus polionotus subgriseus","Peromyscus_polionotus_subgriseus"
"343",343,"HLpetTyp1","GCA_004026965.1","Petromus typicus","Petromus_typicus"
"344",344,"HLphaGym1","DNA Zoo Consortium","Phalanger gymnotis","Phalanger_gymnotis"
"345",345,"HLphaCin1","GCF_002099425.1","Phascolarctos cinereus","Phascolarctos_cinereus"
"346",346,"HLphaTri2","DNA Zoo Consortium","Phataginus tricuspis","Phataginus_tricuspis"
"347",347,"HLphiMax1","GCA_006410695.1","Philantomba maxwellii","Philantomba_maxwellii"
"348",348,"HLphoVit1","GCF_004348235.1","Phoca vitulina","Phoca_vitulina"
"349",349,"HLphoPho1","GCA_004363495.1","Phocoena phocoena","Phocoena_phocoena"
"350",350,"HLphoPho2","DNA Zoo Consortium","Phocoena phocoena","Phocoena_phocoena"
"351",351,"HLphoSin1","GCF_008692025.1","Phocoena sinus","Phocoena_sinus"
"352",352,"HLphyDis3","Bat1K","Phyllostomus discolor","Phyllostomus_discolor"
"353",353,"HLphyCat2","GCF_002837175.2","Physeter catodon","Physeter_catodon"
"354",354,"phyCat1","GCF_000472045.1","Physeter catodon","Physeter_catodon"
"355",355,"HLpilTep2","GCF_002776525.3","Piliocolobus tephrosceles","Piliocolobus_tephrosceles"
"356",356,"HLpipKuh2","Bat1K","Pipistrellus kuhlii","Pipistrellus_kuhlii"
"357",357,"HLpipPip1","GCA_004026625.1","Pipistrellus pipistrellus","Pipistrellus_pipistrellus"
"358",358,"HLpipPip2","GCA_903992545.1","Pipistrellus pipistrellus","Pipistrellus_pipistrellus"
"359",359,"HLpitPit1","GCA_004026645.1","Pithecia pithecia","Pithecia_pithecia"
"360",360,"HLplaMin1","GCA_004363435.1","Platanista minor","Platanista_minor"
"361",361,"HLpleDon1","GCA_004027715.1","Plecturocebus donacophilus","Plecturocebus_donacophilus"
"362",362,"ponAbe3","GCF_002880775.1","Pongo abelii","Pongo_abelii"
"363",363,"HLponBla1","GCA_011754075.1","Pontoporia blainvillei","Pontoporia_blainvillei"
"364",364,"HLpotFla1","DNA Zoo Consortium","Potos flavus","Potos_flavus"
"365",365,"HLpriBen1","GCA_005406085.1","Prionailurus bengalensis euptilurus","Prionailurus_bengalensis_euptilurus"
"366",366,"HLproPrz1","GCA_006410515.1","Procapra przewalskii","Procapra_przewalskii"
"367",367,"HLproCap3","GCA_004026925.2","Procavia capensis","Procavia_capensis"
"368",368,"HLproLot1","DNA Zoo Consortium","Procyon lotor","Procyon_lotor"
"369",369,"HLproSim1","GCA_003258685.1","Prolemur simus","Prolemur_simus"
"370",370,"proCoq1","GCF_000956105.1","Propithecus coquereli","Propithecus_coquereli"
"371",371,"HLprzAlb1","GCA_006408465.1","Przewalskium albirostris","Przewalskium_albirostris"
"372",372,"HLpsaObe1","GCA_002215935.2","Psammomys obesus","Psammomys_obesus"
"373",373,"HLpseOcc1","DNA Zoo Consortium","Pseudocheirus occidentalis","Pseudocheirus_occidentalis"
"374",374,"HLpseCor1","DNA Zoo Consortium","Pseudochirops corinnae","Pseudochirops_corinnae"
"375",375,"HLpseCup1","DNA Zoo Consortium","Pseudochirops cupreus","Pseudochirops_cupreus"
"376",376,"ptePar1","GCA_000465405.1","Pteronotus parnellii","Pteronotus_parnellii"
"377",377,"HLpteBra1","GCA_004024605.1","Pteronura brasiliensis","Pteronura_brasiliensis"
"378",378,"HLpteBra2","DNA Zoo Consortium","Pteronura brasiliensis","Pteronura_brasiliensis"
"379",379,"pteAle1","GCF_000325575.1","Pteropus alecto","Pteropus_alecto"
"380",380,"HLpteGig1","GCA_902729225.1","Pteropus giganteus","Pteropus_giganteus"
"381",381,"HLptePse1","GCA_014363405.1","Pteropus pselaphon","Pteropus_pselaphon"
"382",382,"HLpteRuf1","DNA Zoo Consortium","Pteropus rufus","Pteropus_rufus"
"383",383,"HLpteVam2","GCF_000151845.1","Pteropus vampyrus","Pteropus_vampyrus"
"384",384,"HLpumCon1","GCF_003327715.1","Puma concolor","Puma_concolor"
"385",385,"HLpumYag1","GCA_014898765.1","Puma yagouaroundi","Puma_yagouaroundi"
"386",386,"HLpygNem1","GCA_004024825.1","Pygathrix nemaeus","Pygathrix_nemaeus"
"387",387,"HLranTar1","GCA_004026565.1","Rangifer tarandus","Rangifer_tarandus"
"388",388,"HLranTarGra2","GCA_014898785.1","Rangifer tarandus granti","Rangifer_tarandus_granti"
"389",389,"HLrapCam1","GCA_006410735.1","Raphicerus campestris","Raphicerus_campestris"
"390",390,"HLratNor7","GCA_015227675.1","Rattus norvegicus","Rattus_norvegicus"
"391",391,"rn6","GCF_000001895.5","Rattus norvegicus","Rattus_norvegicus"
"392",392,"HLratRat7","GCF_011064425.1","Rattus rattus","Rattus_rattus"
"393",393,"HLredRed1","GCA_006410935.1","Redunca redunca","Redunca_redunca"
"394",394,"HLrhiUni1","DNA Zoo Consortium","Rhinoceros unicornis","Rhinoceros_unicornis"
"395",395,"HLrhiFer5","Bat1K","Rhinolophus ferrumequinum","Rhinolophus_ferrumequinum"
"396",396,"HLrhiSin1","GCF_001888835.1","Rhinolophus sinicus","Rhinolophus_sinicus"
"397",397,"rhiBie1","GCF_001698545.1","Rhinopithecus bieti","Rhinopithecus_bieti"
"398",398,"HLrhiRox2","GCF_007565055.1","Rhinopithecus roxellana","Rhinopithecus_roxellana"
"399",399,"HLrhiPru1","GCA_009823505.1","Rhizomys pruinosus","Rhizomys_pruinosus"
"400",400,"HLrhoOpi1","GCA_010120015.1","Rhombomys opimus","Rhombomys_opimus"
"401",401,"HLrouAeg4","Bat1K","Rousettus aegyptiacus","Rousettus_aegyptiacus"
"402",402,"HLrouLes1","GCA_015472975.1","Rousettus leschenaultii","Rousettus_leschenaultii"
"403",403,"HLrouMad1","DNA Zoo Consortium","Rousettus madagascariensis","Rousettus_madagascariensis"
"404",404,"HLsagImp1","GCA_004024885.1","Saguinus imperator","Saguinus_imperator"
"405",405,"HLsaiTat1","GCA_004024985.1","Saiga tatarica","Saiga_tatarica"
"406",406,"HLsaiBol1","DNA Zoo Consortium","Saimiri boliviensis","Saimiri_boliviensis"
"407",407,"saiBol1","GCF_000235385.1","Saimiri boliviensis boliviensis","Saimiri_boliviensis_boliviensis"
"408",408,"HLsapApe1","GCF_009761245.1","Sapajus apella","Sapajus_apella"
"409",409,"HLsarHar2","GCF_902635505.1","Sarcophilus harrisii","Sarcophilus_harrisii"
"410",410,"HLscaAqu1","GCA_004024925.1","Scalopus aquaticus","Scalopus_aquaticus"
"411",411,"HLsciCar1","GCA_902686445.1","Sciurus carolinensis","Sciurus_carolinensis"
"412",412,"HLsciVul1","GCA_902686455.1","Sciurus vulgaris","Sciurus_vulgaris"
"413",413,"HLsemEnt1","GCA_004025065.1","Semnopithecus entellus","Semnopithecus_entellus"
"414",414,"HLsigHis1","GCA_004025045.1","Sigmodon hispidus","Sigmodon_hispidus"
"415",415,"HLsolPar1","GCA_004363575.1","Solenodon paradoxus","Solenodon_paradoxus"
"416",416,"sorAra2","GCF_000181275.1","Sorex araneus","Sorex_araneus"
"417",417,"HLsouChi1","GCA_007760645.1","Sousa chinensis","Sousa_chinensis"
"418",418,"HLspeDau1","GCA_002406435.1","Spermophilus dauricus","Spermophilus_dauricus"
"419",419,"HLspiGra1","GCA_004023965.1","Spilogale gracilis","Spilogale_gracilis"
"420",420,"HLstuHon1","GCA_014824575.1","Sturnira hondurensis","Sturnira_hondurensis"
"421",421,"HLsurSur1","GCF_006229205.1","Suricata suricatta","Suricata_suricatta"
"422",422,"HLsurSur2","GCA_004023905.1","Suricata suricatta","Suricata_suricatta"
"423",423,"susScr11","GCF_000003025.6","Sus scrofa","Sus_scrofa"
"424",424,"HLsylGri1","GCA_006408735.1","Sylvicapra grimmia","Sylvicapra_grimmia"
"425",425,"HLsylBac1","DNA Zoo Consortium","Sylvilagus bachmani","Sylvilagus_bachmani"
"426",426,"HLsynCaf1","GCA_902500845.1","Syncerus caffer","Syncerus_caffer"
"427",427,"HLtacAcu1","GCA_015852505.1","Tachyglossus aculeatus","Tachyglossus_aculeatus"
"428",428,"HLtadBra1","GCA_004025005.1","Tadarida brasiliensis","Tadarida_brasiliensis"
"429",429,"HLtalOcc1","GCA_014898055.1","Talpa occidentalis","Talpa_occidentalis"
"430",430,"HLtamTet1","GCA_004025105.1","Tamandua tetradactyla","Tamandua_tetradactyla"
"431",431,"HLtapInd1","GCA_004024905.1","Tapirus indicus","Tapirus_indicus"
"432",432,"HLtapInd2","DNA Zoo Consortium","Tapirus indicus","Tapirus_indicus"
"433",433,"HLtapTer1","GCA_004025025.1","Tapirus terrestris","Tapirus_terrestris"
"434",434,"HLtaxTax1","GCA_003697995.1","Taxidea taxus jeffersonii","Taxidea_taxus_jeffersonii"
"435",435,"HLtheGel1","GCF_003255815.1","Theropithecus gelada","Theropithecus_gelada"
"436",436,"HLthrSwi1","GCA_004025085.1","Thryonomys swinderianus","Thryonomys_swinderianus"
"437",437,"HLthyCyn1","GCA_007646695.1","Thylacinus cynocephalus","Thylacinus_cynocephalus"
"438",438,"HLtolMat1","GCA_004025125.1","Tolypeutes matacus","Tolypeutes_matacus"
"439",439,"HLtonSau1","GCA_004024845.1","Tonatia saurophila","Tonatia_saurophila"
"440",440,"HLtraFra1","GCF_009764315.1","Trachypithecus francoisi","Trachypithecus_francoisi"
"441",441,"HLtraImb1","GCA_006410775.1","Tragelaphus imberbis","Tragelaphus_imberbis"
"442",442,"HLtraScr1","GCA_006410495.1","Tragelaphus scriptus","Tragelaphus_scriptus"
"443",443,"HLtraStr1","GCA_006410795.1","Tragelaphus strepsiceros","Tragelaphus_strepsiceros"
"444",444,"HLtraJav1","GCA_004024965.2","Tragulus javanicus","Tragulus_javanicus"
"445",445,"HLtraKan1","GCA_006408655.1","Tragulus kanchil","Tragulus_kanchil"
"446",446,"triMan1","GCF_000243295.1","Trichechus manatus latirostris","Trichechus_manatus_latirostris"
"447",447,"HLtriVul1","GCA_011100635.1","Trichosurus vulpecula","Trichosurus_vulpecula"
"448",448,"tupBel1","GCA_000181375.1","Tupaia belangeri","Tupaia_belangeri"
"449",449,"tupChi1","GCF_000334495.1","Tupaia chinensis","Tupaia_chinensis"
"450",450,"HLturAdu1","GCA_003227395.1","Tursiops aduncus","Tursiops_aduncus"
"451",451,"HLturAdu2","DNA Zoo Consortium","Tursiops aduncus","Tursiops_aduncus"
"452",452,"HLturTru3","GCF_001922835.1","Tursiops truncatus","Tursiops_truncatus"
"453",453,"HLturTru4","GCF_011762595.1","Tursiops truncatus","Tursiops_truncatus"
"454",454,"turTru2","GCF_000151865.1","Tursiops truncatus","Tursiops_truncatus"
"455",455,"HLuroPar1","GCF_003426925.1","Urocitellus parryii","Urocitellus_parryii"
"456",456,"HLuroGra1","GCA_004024945.1","Uropsilus gracilis","Uropsilus_gracilis"
"457",457,"HLursAme1","GCA_003344425.1","Ursus americanus","Ursus_americanus"
"458",458,"HLursAme2","DNA Zoo Consortium","Ursus americanus","Ursus_americanus"
"459",459,"HLursArc1","GCF_003584765.1","Ursus arctos horribilis","Ursus_arctos_horribilis"
"460",460,"ursMar1","GCF_000687225.1","Ursus maritimus","Ursus_maritimus"
"461",461,"HLursThi1","GCA_009660055.1","Ursus thibetanus thibetanus","Ursus_thibetanus_thibetanus"
"462",462,"vicPac2","GCF_000164845.1","Vicugna pacos","Vicugna_pacos"
"463",463,"HLvicPacHua3","GCA_000767525.1","Vicugna pacos huacaya","Vicugna_pacos_huacaya"
"464",464,"HLvicVicMen1","GCA_013265495.1","Vicugna vicugna mensalis","Vicugna_vicugna_mensalis"
"465",465,"HLvomUrs1","GCF_900497805.2","Vombatus ursinus","Vombatus_ursinus"
"466",466,"HLvulLag1","GCA_004023825.1","Vulpes lagopus","Vulpes_lagopus"
"467",467,"HLvulVul1","GCF_003160815.1","Vulpes vulpes","Vulpes_vulpes"
"468",468,"HLxerIna1","GCA_004024805.1","Xerus inauris","Xerus_inauris"
"469",469,"HLzalCal1","GCA_009762305.1","Zalophus californianus","Zalophus_californianus"
"470",470,"HLzapHud1","GCA_004024765.1","Zapus hudsonius","Zapus_hudsonius"
"471",471,"HLzipCav1","GCA_004364475.1","Ziphius cavirostris","Ziphius_cavirostris"
